company,ticker,country,region,sector
Agilent,A,,,
Alcoa,AA,,,
American Airlines,AAL,,,
Acadian,AAMI,,,
Applied Optoelectronics Earnings Call,AAOI,,,
AAON,AAON,,,
Advance Auto,AAP,,,
Apple,AAPL,US,North America,Technology
American Assets,AAT,,,
AllianceBernstein,AB,,,
ABB,ABB,,,
AbbVie,ABBV,,,
Ameris,ABCB,,,
AbCellera Biologics,ABCL,,,
Abeona,ABEO,,,
Asbury,ABG,,,
ABM,ABM,,,
Airbnb,ABNB,,,
"Acumen Pharmaceuticals, Inc.",ABOS,,,
Arbor Realty,ABR,,,
Absci,ABSI,,,
Abbott Laboratories,ABT,,,
American Bitcoin,ABTC,,,
Abacus Global,ABX,,,
Arcosa,ACA,,,
Acadia,ACAD,,,
Aurora Cannabis,ACB,,,
ProFrac,ACDC,,,
Arch Capital,ACGL,,,
Archer Aviation,ACHR,,,
Albertsons,ACI,,,
Axcelis,ACLS,,,
AECOM Technology,ACM,,,
ACM Research,ACMR,,,
Accenture,ACN,,,
Ascent,ACNT,,,
Alpha Cognition,ACOG,,,
ACRES Realty,ACR,,,
Ares Commercial,ACRE,,,
ACV Auctions,ACVA,,,
Array Digital,AD,,,
Adobe,ADBE,,,
Agree Realty,ADC,,,
ADC Therapeutics SA,ADCT,,,
Adeia,ADEA,,,
Analog Devices,ADI,,,
Archer-Daniels-Midland,ADM,,,
ADMA Biologics,ADMA,,,
Adient,ADNT,,,
ADP,ADP,,,
Adaptive Biotech,ADPT,,,
Autodesk,ADSK,,,
ADT,ADT,,,
Advantage Solutions,ADV,,,
Ameren,AEE,,,
Aehr Test,AEHR,,,
Advanced Energy,AEIS,,,
Agnico Eagle,AEM,,,
American Eagle,AEO,,,
AEP,AEP,,,
AerCap,AER,,,
The AES,AES,,,
Atlas Energy,AESI,,,
Aeva,AEVA,,,
Advanced Flower Capital,AFCG,,,
"Acutus Medical, Inc.",AFIB,,,
Affirm,AFRM,,,
Afya,AFYA,,,
First Majestic,AG,,,
AGCO,AGCO,,,
Agenus,AGEN,,,
Agrify Corporation,AGFY,,,
Alamos Gold,AGI,,,
Agios,AGIO,,,
agilon health,AGL,,,
Farmer Mac,AGM,,,
AGNC Investment Corp.,AGNC,,,
Assured Guaranty,AGO,,,
Adecoagro,AGRO,,,
Agile Therapeutics,AGRX,,,
"Agiliti, Inc.",AGTI,,,
Argan,AGX,,,
Agilysys,AGYS,,,
AdaptHealth Corp.,AHCO,,,
Armada Hoffler,AHH,,,
American Healthcare REIT Earnings Call,AHR,,,
Ashford,AHT,,,
C3.ai,AI,,,
American International Group,AIG,,,
American Integrity,AII,,,
PowerFleet,AIOT,,,
Arteris,AIP,,,
AAR,AIR,,,
Airgain,AIRG,,,
Applied Industrial,AIT,,,
Assurant,AIZ,,,
Gallagher,AJG,,,
a.k.a. Brands,AKA,,,
Akamai,AKAM,,,
Akebia,AKBA,,,
Acadia Realty,AKR,,,
"Akoustis Technologies, Inc.",AKTS,,,
Air Lease,AL,,,
Astera Labs,ALAB,,,
Albemarle,ALB,,,
Alcon,ALC,,,
Alico,ALCO,,,
Alamo Group,ALG,,,
Allegro Micro,ALGM,,,
Align Technology,ALGN,,,
Allegiant,ALGT,,,
Alliance Laundry,ALH,,,
Alignment,ALHC,,,
Alight,ALIT,,,
Alaska Air Group,ALK,,,
Alkermes,ALKS,,,
Allstate,ALL,,,
Allegion,ALLE,,,
Allogene,ALLO,,,
Ally Financial,ALLY,,,
Alarm.com,ALRM,,,
Alerus,ALRS,,,
Allison,ALSN,,,
Altimmune,ALT,,,
Alta Equipment,ALTG,,,
Alto,ALTO,,,
Autoliv,ALV,,,
ALX Oncology,ALXO,,,
Antero Midstream,AM,,,
Amalgamated Financial,AMAL,,,
Applied Materials,AMAT,,,
Ambarella,AMBA,,,
Ambac,AMBC,,,
Ardagh Metal Packaging,AMBP,,,
Ambiq Micro,AMBQ,,,
AMC,AMC,,,
Amcor,AMCR,,,
AMC Networks,AMCX,,,
Advanced Micro Devices,AMD,,,
AMETEK,AME,,,
Affiliated Managers,AMG,,,
Amgen,AMGN,,,
Amkor,AMKR,,,
Amylyx,AMLX,,,
AMN Healthcare,AMN,,,
Ameriprise,AMP,,,
Amphastar,AMPH,,,
Amplitude,AMPL,,,
Amprius,AMPX,,,
Alpha Metallurgical,AMR,,,
Ameresco,AMRC,,,
Amarin Plc,AMRN,,,
Amyris,AMRS,,,
Amneal,AMRX,,,
Amrize,AMRZ,,,
AMERISAFE,AMSF,,,
American Software,AMSWA,,,
American Tower,AMT,,,
Aemetis,AMTX,,,
American Well,AMWL,,,
Amazon,AMZN,US,North America,Consumer Discretionary
AutoNation,AN,,,
Andersons,ANDE,,,
Arista Networks,ANET,,,
Abercrombie,ANF,,,
Angi,ANGI,,,
AngioDynamics,ANGO,,,
Anika,ANIK,,,
ANI Pharma,ANIP,,,
Angel Oak Mortgage,AOMR,,,
Aon Plc,AON,,,
Artivion,AORT,,,
A O Smith,AOS,,,
Alpha and Omega,AOSL,,,
American Outdoor Brands,AOUT,,,
Ampco-Pittsburgh,AP,,,
Apa,APA,,,
Artisan,APAM,,,
American Public Education,APEI,,,
APi Group,APG,,,
Amphenol,APH,,,
Agora,API,,,
Applied Digital,APLD,,,
Apple Hospitality,APLE,,,
Apellis,APLS,,,
Apollo,APO,,,
Apogee,APOG,,,
AppLovin,APP,,,
AppFolio,APPF,,,
Appian,APPN,,,
Aptiv,APTV,,,
Aqua Metals,AQMS,,,
Algonquin Power & Utilities,AQN,,,
Aquestive,AQST,,,
Antero,AR,,,
Accuray,ARAY,,,
Arbe,ARBE,,,
ArcBest,ARCB,,,
Ares Capital,ARCC,,,
Arco Platform Ltd,ARCE,,,
Arcos Dorados,ARCO,,,
Arcturus,ARCT,,,
Ardent Health,ARDT,,,
Ardelyx,ARDX,,,
Alexandria,ARE,,,
Ares,ARES,,,
Arhaus,ARHS,,,
Apollo Commercial,ARI,,,
Arko,ARKO,,,
Arlo,ARLO,,,
Alliance Resource Partners,ARLP,,,
Arm Holdings,ARM,,,
Aramark,ARMK,,,
Archrock,AROC,,,
Arcutis,ARQT,,,
Armour Residential,ARR,,,
Array Technologies,ARRY,,,
Arvinas,ARVN,,,
Arrow,ARW,,,
Arrowhead,ARWR,,,
Amer Sports,AS,,,
Asana,ASAN,,,
Associated Bank,ASB,,,
Ardmore Shipping,ASC,,,
ASGN,ASGN,,,
Ashland,ASH,,,
AdvanSix,ASIX,,,
AerSale,ASLE,,,
ASML,ASML,,,
Ascendis,ASND,,,
Academy Sports And Outdoors,ASO,,,
Aspen Aerogels,ASPN,,,
Altisource,ASPS,,,
Grupo ASUR,ASR,,,
Assertio,ASRT,,,
Astec,ASTE,,,
Astrana Health,ASTH,,,
Algoma Steel,ASTL,,,
AST SpaceMobile,ASTS,,,
Asure,ASUR,,,
ASE,ASX,,,
Amtech,ASYS,,,
Atour,ATAT,,,
Alphatec,ATEC,,,
Aterian,ATER,,,
Anterix,ATEX,,,
Adtalem,ATGE,,,
Athersys,ATHX,,,
ATI,ATI,,,
Atkore,ATKR,,,
Atlanticus,ATLC,,,
Atmus Filtration Technologies,ATMU,,,
ATN International,ATNI,,,
Atomera,ATOM,,,
AptarGroup,ATR,,,
AtriCure,ATRC,,,
Astronics,ATRO,,,
Atlantic Union,AUB,,,
authID,AUID,,,
Federated Hermes FHI,AUM,,,
Aurora,AUR,,,
Avista,AVA,,,
Aveanna,AVAH,,,
AeroVironment,AVAV,,,
American Vanguard,AVD,,,
Broadcom,AVGO,,,
Atea Pharma,AVIR,,,
Avanos Medical,AVNS,,,
Avient,AVNT,,,
Aviat,AVNW,,,
Mission Produce,AVO,,,
AvePoint,AVPT,,,
Avnet,AVT,,,
Avantor,AVTR,,,
Anavex,AVXL,,,
Avery Dennison,AVY,,,
Avaya Holdings Corp.,AVYA,,,
Aspira Women's Health Inc.,AWH,,,
Armstrong,AWI,,,
American Water,AWK,,,
American States Water,AWR,,,
Aware,AWRE,,,
Axos,AX,,,
Axogen,AXGN,,,
Axon Enterprise,AXON,,,
American Express,AXP,,,
Axsome Therapeutics,AXSM,,,
Axalta,AXTA,,,
Acuity,AYI,,,
Alteryx,AYX,,,
AstraZeneca Plc,AZN,,,
AutoZone,AZO,,,
Azenta,AZTA,,,
AZZ,AZZ,,,
Barrick,B,,,
Boeing,BA,,,
Alibaba Group,BABA,,,
Bank of America,BAC,,,
Bridger Aerospace,BAER,,,
BayFirst,BAFN,,,
Booz Allen,BAH,,,
Ball,BALL,,,
Brookfield,BAM,,,
Banc of California,BANC,,,
Bandwidth,BAND,,,
Credicorp,BAP,,,
BARK,BARK,,,
"Couchbase, Inc.",BASE,,,
Baxter,BAX,,,
BlackBerry,BB,,,
BigBear.ai,BBAI,,,
Bed Bath & Beyond,BBBY,,,
Concrete Pumping,BBCP,,,
Barings BDC,BBDC,,,
BridgeBio,BBIO,,,
Beta Bionics,BBNX,,,
Brookfield Business,BBU,,,
Build-A-Bear,BBW,,,
Bath & Body Works,BBWI,,,
Best Buy,BBY,,,
Brunswick,BC,,,
BioAtla,BCAB,,,
Boise Cascade,BCC,,,
BioCardia,BCDA,,,
BCP Investment,BCIC,,,
Brink's,BCO,,,
Balchem,BCPC,,,
BioCryst Pharmaceuticals,BCRX,,,
Bain Capital,BCSF,,,
Belden,BDC,,,
Biodesix,BDSX,,,
Becton Dickinson,BDX,,,
Bloom Energy,BE,,,
Beam Therapeutics,BEAM,,,
HeartBeam,BEAT,,,
Mobile Infrastructure,BEEP,,,
Franklin Resources,BEN,,,
Brookfield Renewable Partners,BEP,,,
Brookfield Renewable,BEPC,,,
Bright Horizons,BFAM,,,
Bread Financial,BFH,,,
Butterfly,BFLY,,,
Biofrontera,BFRI,,,
Business First,BFST,,,
Bunge Global,BG,,,
BGC Group,BGC,,,
B&G Foods,BGS,,,
BGSF,BGSF,,,
Bausch Health,BHC,,,
"Bright Health Group, Inc.",BHG,,,
Berkshire Hills,BHLB,,,
Baidu,BIDU,,,
Biogen,BIIB,,,
Bilibili,BILI,,,
Bio-Rad,BIO,,,
Bioceres Crop Solutions Corp.,BIOX,,,
Allbirds,BIRD,,,
Birkenstock,BIRK,,,
Bitfarms,BITF,,,
BJ's Wholesale Club,BJ,,,
BJ's Restaurants,BJRI,,,
BNY Mellon,BK,,,
Brookdale,BKD,,,
The Buckle,BKE,,,
Bakkt,BKKT,,,
Booking Holdings,BKNG,,,
Baker Hughes,BKR,,,
BankUnited,BKU,,,
BKV,BKV,,,
BIO-key,BKYI,,,
BlackLine,BL,,,
Blue Bird,BLBD,,,
TopBuild,BLD,,,
Ballard Power,BLDP,,,
Builders FirstSource,BLDR,,,
BioLife,BLFS,,,
Blue Foundry,BLFY,,,
"Berkeley Lights, Inc.",BLI,,,
Bridgeline Digital,BLIN,,,
BlackRock,BLK,,,
"Blend Labs, Inc.",BLND,,,
Beeline,BLNE,,,
Blink Charging,BLNK,,,
Bullish,BLSH,,,
Belite Bio,BLTE,,,
Bladex,BLX,,,
Backblaze,BLZE,,,
Bumble,BMBL,,,
Badger Meter,BMI,,,
Bank of Marin,BMRC,,,
BioMarin,BMRN,,,
Bristol Myers Squibb,BMY,,,
Brookfield,BN,,,
Bionano Genomics,BNGO,,,
Broadstone Net Lease,BNL,,,
Burning Rock Biotech Limited,BNR,,,
The Bank of Nova Scotia,BNS,,,
BioNTech Se,BNTX,,,
Beachbody,BODI,,,
Bank of Hawaii,BOH,,,
BOK Financial,BOKF,,,
DMC Global,BOOM,,,
Boot Barn,BOOT,,,
Borr Drilling,BORR,,,
BOS,BOSC,,,
Box,BOX,,,
Popular,BPOP,,,
Popular BPOP,BPPR,,,
Broadridge,BR,,,
BellRing,BRBR,,,
Brady,BRC,,,
BRC,BRCC,,,
Barfresh,BRFH,,,
Bruker,BRKR,,,
"Brilliant Earth Group, Inc.",BRLT,,,
Brown & Brown,BRO,,,
Dutch Bros,BROS,,,
Brightstar,BRSL,,,
BrightSpire,BRSP,,,
BioRestorative,BRTX,,,
Brixmor,BRX,,,
Braze,BRZE,,,
Bassett,BSET,,,
Black Stone Minerals,BSM,,,
Bank7,BSVN,,,
Boston Scientific,BSX,,,
Bit Digital,BTBT,,,
Bitdeer,BTDR,,,
Baytex,BTE,,,
British American Tobacco P.l.c.,BTI,,,
Bitcoin Depot,BTM,,,
biote,BTMD,,,
BrightSpring,BTSG,,,
Peabody Energy,BTU,,,
Anheuser-Busch InBev/NV,BUD,,,
Webull,BULL,,,
Burlington,BURL,,,
Buenaventura,BVN,,,
Bioventus Inc.,BVS,,,
Babcock & Wilcox,BW,,,
BorgWarner,BWA,,,
Bridgewater,BWB,,,
Broadwind,BWEN,,,
Bankwell,BWFG,,,
Baldwin,BWIN,,,
BW LPG,BWLP,,,
Bowman,BWMN,,,
Betterware,BWMX,,,
BWXT,BWXT,,,
Blackstone,BX,,,
BlueLinx,BXC,,,
Blackstone Mortgage,BXMT,,,
BXP,BXP,,,
Boyd Gaming,BYD,,,
Beyond Meat,BYND,,,
Beyond Inc,BYON,,,
Byrna,BYRN,,,
Kanzhun,BZ,,,
Blaize,BZAI,,,
Beazer Homes,BZH,,,
Baozun,BZUN,,,
Citigroup,C,,,
Corporación América Airports,CAAP,,,
China Auto Systems,CAAS,,,
Cable One,CABO,,,
Camden National,CAC,,,
CACI,CACI,,,
Cadence,CADE,,,
Conagra Brands,CAG,,,
Cardinal Health,CAH,,,
Cheesecake Factory,CAKE,,,
Caleres,CAL,,,
Calithera Biosciences,CALA,,,
Cal-Maine Foods,CALM,,,
Camtek,CAMT,,,
Canaan,CAN,,,
Cango,CANG,,,
Capricor,CAPR,,,
Avis Budget,CAR,,,
CarGurus,CARG,,,
Carrier,CARR,,,
Instacart,CART,,,
Pathward,CASH,,,
Casey's General Stores,CASY,,,
Caterpillar,CAT,,,
Cathay,CATY,,,
Cava Group,CAVA,,,
Chubb,CB,,,
CymaBay Therapeutics Inc.,CBAY,,,
CeriBell,CBLL,,,
CBRE Group,CBRE,,,
Cracker Barrel,CBRL,,,
Community Bank,CBU,,,
Cibus,CBUS,,,
CBIZ,CBZ,,,
Chemours,CC,,,
Crescent Capital BDC,CCAP,,,
Capital Clean Energy,CCEC,,,
Crown Castle,CCI,,,
Crown Holdings,CCK,,,
Carnival Corp.,CCL,,,
CareCloud,CCLD,,,
Cogent,CCOI,,,
Cross Country Healthcare,CCRN,,,
Consensus Cloud,CCSI,,,
Ceridian Hcm,CDAY,,,
Coeur Mining,CDE,,,
Cardlytics,CDLX,,,
"Avid Bioservices, Inc.",CDMO,,,
CareDx,CDNA,,,
Cadence,CDNS,,,
COPT Defense Properties,CDP,,,
Cadre Holdings,CDRE,,,
CDW,CDW,,,
Codexis,CDXS,,,
Celanese,CE,,,
CECO,CECO,,,
Constellation Energy,CEG,,,
Celcuity,CELC,,,
Celsius,CELH,,,
Central Garden & Pet,CENT,,,
Crestwood Equity Partners,CEQP,,,
Cerus,CERS,,,
"Certara, Inc.",CERT,,,
CEVA,CEVA,,,
Citizens,CFG,,,
Confluent,CFLT,,,
Cullen Frost,CFR,,,
Carlyle,CG,,,
Centerra Gold,CGAU,,,
Carlyle Secured Lending Earnings Call,CGBD,,,
Canopy Growth,CGC,,,
Compugen,CGEN,,,
Cognex,CGNX,,,
Community Healthcare,CHCT,,,
Church & Dwight,CHD,,,
Chemed,CHE,,,
Chefs' Warehouse,CHEF,,,
Chegg,CHGG,,,
Choice Hotels,CHH,,,
Check Point,CHKP,,,
ChargePoint,CHPT,,,
Chord Energy,CHRD,,,
C.H. Robinson,CHRW,,,
Chicos FAS,CHS,,,
Charter,CHTR,,,
Chewy,CHWY,,,
Cigna Group,CI,,,
Ciena,CIEN,,,
Cipher Mining,CIFR,,,
Companhia Energetica de Minas Gerais,CIG,,,
Colliers,CIGI,,,
Chimera,CIM,,,
Cincinnati Financial,CINF,,,
CI&T,CINT,,,
CION,CION,,,
C3is,CISS,,,
Civista Bancshares,CIVB,,,
Colgate,CL,,,
Clarus,CLAR,,,
Core Laboratories,CLB,,,
Cellebrite,CLBT,,,
CoolCo,CLCO,,,
Chatham Lodging,CLDT,,,
Cleveland-Cliffs,CLF,,,
Clearfield,CLFD,,,
Clean Harbors,CLH,,,
ClearSign,CLIR,,,
Calumet,CLMT,,,
Clean Energy Fuels,CLNE,,,
Clover Health,CLOV,,,
ClearPoint Neuro,CLPT,,,
Cellectar,CLRB,,,
Celestica,CLS,,,
CleanSpark,CLSK,,,
Clearwater Paper,CLW,,,
Clorox,CLX,,,
Canadian Imperial Bank of Commerce,CM,,,
Comerica,CMA,,,
Commercial Metals,CMC,,,
Comcast,CMCSA,,,
CME Group,CME,,,
Chipotle,CMG,,,
Cummins,CMI,,,
Cimpress,CMPR,,,
Compass Pathways Plc,CMPS,,,
Commerce.com,CMRC,,,
CMS Energy,CMS,,,
Claros Mortgage,CMTG,,,
Comtech Telecommunication,CMTL,,,
Centene,CNC,,,
Conduent,CNDT,,,
CNH,CNH,,,
Canadian National,CNI,,,
Cinemark,CNK,,,
CONMED,CNMD,,,
CNO Financial,CNO,,,
ConnectOne,CNOB,,,
CenterPoint,CNP,,,
Canadian Natural,CNQ,,,
Century Casinos,CNTY,,,
Cineverse,CNVS,,,
CNX,CNX,,,
Concentrix,CNXC,,,
Vita Coco,COCO,,,
Coda Octopus,CODA,,,
Compass Diversified,CODI,,,
Co-Diagnostics,CODX,,,
Capital One Financial,COF,,,
Coherent,COHR,,,
Cohu,COHU,,,
Coinbase Global,COIN,,,
Columbia Bank,COLB,,,
Americold,COLD,,,
Collegium,COLL,,,
Columbia,COLM,,,
Compass,COMP,,,
Concentra,CON,,,
Conns,CONN,,,
Cooper,COO,,,
Traeger,COOK,,,
Mr. Cooper Group,COOP,,,
ConocoPhillips,COP,,,
Cencora,COR,,,
Corcept,CORT,,,
Core Scientific,CORZ,,,
Costco Wholesale,COST,,,
Coty (Class A),COTY,,,
Coupa Software,COUP,,,
Coursera,COUR,,,
CPKC,CP,,,
Copa,CPA,,,
Corpay,CPAY,,,
Campbell,CPB,,,
Central Pacific,CPF,,,
Cumberland,CPIX,,,
Coupang,CPNG,,,
Capri Holdings,CPRI,,,
Copart,CPRT,,,
Cooper-Standard,CPS,,,
CPS Tech,CPSH,,,
Camden Property Trust,CPT,,,
Crane,CR,,,
CRA International,CRAI,,,
Corebridge,CRBG,,,
California Resources,CRC,,,
Circle,CRCL,,,
Cricut,CRCT,,,
Credo Tech,CRDO,,,
Freightos,CRGO,,,
Crescent Energy Company,CRGY,,,
Carter's,CRI,,,
Curis,CRIS,,,
Comstock,CRK,,,
Charles River,CRL,,,
Salesforce,CRM,,,
CorMedix,CRMD,,,
America's Car-Mart,CRMT,,,
Cerence,CRNC,,,
Ceragon,CRNT,,,
Crinetics,CRNX,,,
Cronos Group,CRON,,,
Crocs,CROX,,,
Carpenter Tech,CRS,,,
Corsair,CRSR,,,
Criteo,CRTO,,,
Cirrus Logic,CRUS,,,
CorVel,CRVL,,,
Corvus,CRVS,,,
CrowdStrike,CRWD,,,
Crown Crafts,CRWS,,,
CoreWeave,CRWV,,,
Credit Suisse Group Ag,CS,,,
Cosan S.A.,CSAN,,,
Champions Oncology,CSBR,,,
Cisco Systems,CSCO,,,
CoStar,CSGP,,,
CSG Systems,CSGS,,,
Carlisle,CSL,,,
CSP,CSPI,,,
Centerspace,CSR,,,
Chicken Soup for the Soul Entertainment Inc,CSSE,,,
Castle Biosciences,CSTL,,,
Constellium,CSTM,,,
CSW Industrials,CSW,,,
CSX,CSX,,,
Cintas,CTAS,,,
Cytek,CTKB,,,
Catalent,CTLT,,,
CTO Realty,CTO,,,
Custom Truck,CTOS,,,
CareTrust REIT,CTRE,,,
Centuri,CTRI,,,
Citi Trends,CTRN,,,
CTS,CTS,,,
Cognizant,CTSH,,,
Cytosorbents,CTSO,,,
CubeSmart,CUBE,,,
Culp,CULP,,,
Curbline,CURB,,,
CuriosityStream,CURI,,,
Torrid,CURV,,,
Cavco,CVCO,,,
Civeo,CVEO,,,
Calavo Growers,CVGW,,,
Commvault,CVLT,,,
Carvana,CVNA,,,
CVRx,CVRX,,,
CVS Health,CVS,,,
Chevron,CVX,,,
Curtiss-Wright,CW,,,
Charlotte's Web,CWBHF,,,
Consolidated Water,CWCO,,,
CaliberCos,CWD,,,
Clearway Energy,CWEN,,,
Camping World,CWH,,,
Cushman & Wakefield,CWK,,,
Casella Waste,CWST,,,
Cal Water,CWT,,,
CXApp,CXAI,,,
Sprinklr,CXM,,,
Crane NXT,CXT,,,
CoreCivic,CXW,,,
Community Health Systems Earnings Call,CYH,,,
Cryoport,CYRX,,,
Cytokinetics,CYTK,,,
Caesars,CZR,,,
Dominion Energy,D,,,
Danaos,DAC,,,
Dada Nexus Limited,DADA,,,
Data I/O,DAIO,,,
Daktronics,DAKT,,,
Delta Air Lines,DAL,,,
Dana,DAN,,,
Darling,DAR,,,
Daré Bioscience,DARE,,,
DoorDash,DASH,,,
Endava,DAVA,,,
Day One Bio,DAWN,,,
Dayforce,DAY,,,
Diebold Nixdorf,DBD,,,
Designer Brands,DBI,,,
Docebo,DCBO,,,
Tritium DCFC Limited,DCFC,,,
DocGo,DCGO,,,
Dauch,DCH,,,
Donaldson,DCI,,,
Ducommun,DCO,,,
Dime Community,DCOM,,,
"Duck Creek Technologies, Inc.",DCT,,,
Delcath,DCTH,,,
DuPont,DD,,,
3d Systems,DDD,,,
"DoubleDown Interactive Co., Ltd.",DDI,,,
Datadog,DDOG,,,
Deere,DE,,,
Easterly Government,DEA,,,
Deckers,DECK,,,
Douglas Emmett,DEI,,,
Dell,DELL,,,
Donnelley Financial,DFIN,,,
Dragonfly,DFLI,,,
Definium,DFTX,,,
Dollar General,DG,,,
Digi International,DGII,,,
Quest,DGX,,,
Definitive Healthcare,DH,,,
D.r. Horton,DHI,,,
Danaher,DHR,,,
DHT Maritime,DHT,,,
DHI Group,DHX,,,
1stdibs,DIBS,,,
Dine Brands,DIN,,,
HF Sinclair,DINO,,,
Diodes,DIOD,,,
Walt Disney,DIS,,,
Delek US,DK,,,
Delek Logistics Partners,DKL,,,
DraftKings,DKNG,,,
DICK'S,DKS,,,
Dolby,DLB,,,
DLH,DLHC,,,
DLocal,DLO,,,
Dolphin,DLPN,,,
Digital Realty Trust,DLR,,,
Duluth,DLTH,,,
Dollar Tree,DLTR,,,
Deluxe,DLX,,,
"Digital Media Solutions, Inc.",DMS,,,
"Codex DNA, Inc.",DNAY,,,
DNOW,DNOW,,,
Krispy Kreme,DNUT,,,
Healthpeak,DOC,,,
DigitalOcean,DOCN,,,
Doximity,DOCS,,,
DocuSign,DOCU,,,
Dole,DOLE,,,
Domo,DOMO,,,
Dorman,DORM,,,
Dover,DOV,,,
Dow,DOW,,,
Amdocs,DOX,,,
Domino's,DPZ,,,
Daqo New Energy,DQ,,,
DiamondRock,DRH,,,
Darden,DRI,,,
DarioHealth,DRIO,,,
Leonardo DRS,DRS,,,
DSG,DSGR,,,
Descartes,DSGX,,,
Viant Technology,DSP,,,
Dynatrace,DT,,,
DTE Energy,DTE,,,
Drilling Tools,DTI,,,
DT Midstream,DTM,,,
Duke Energy,DUK,,,
Duolingo,DUOL,,,
DoubleVerify,DV,,,
DaVita,DVA,,,
Dynavax Technologies,DVAX,,,
Devon Energy,DVN,,,
Dynex Capital,DX,,,
DXC Technology,DXC,,,
DexCom,DXCM,,,
DXL,DXLG,,,
DXP Enterprises,DXPE,,,
Dycom,DY,,,
Dyadic,DYAI,,,
Electronic Arts,EA,,,
GrafTech International,EAF,,,
Brinker,EAT,,,
eBay,EBAY,,,
Eastern Bankshares,EBC,,,
"Esports Technologies, Inc.",EBET,,,
Emergent BioSolutions,EBS,,,
Ecopetrol,EC,,,
Eagle Point Credit,ECC,,,
Everus,ECG,,,
Ecolab,ECL,,,
electroCore,ECOR,,,
Ecovyst,ECVT,,,
ECARX,ECX,,,
Edible Garden,EDBL,,,
Editas,EDIT,,,
"Endeavor Group Holdings, Inc.",EDR,,,
EuroDry,EDRY,,,
New Oriental Education & Technology Group,EDU,,,
"Excelerate Energy, Inc.",EE,,,
Euronet,EEFT,,,
Emerald,EEX,,,
Ellington Financial,EFC,,,
Enterprise Financial,EFSC,,,
Equifax,EFX,,,
Enerflex,EFXT,,,
eGain,EGAN,,,
Eagle Bancorp,EGBN,,,
8x8,EGHT,,,
Edgio Inc.,EGIO,,,
Eldorado Gold,EGO,,,
VAALCO,EGY,,,
EHang,EH,,,
Enhabit,EHAB,,,
Eagle Point Income,EIC,,,
Employers,EIG,,,
Edison Intl,EIX,,,
The Estee Lauder Companies,EL,,,
Elanco Animal Health,ELAN,,,
e.l.f. Beauty,ELF,,,
Elme,ELME,,,
Equity LifeStyle,ELS,,,
Eltek,ELTK,,,
Elutia,ELUT,,,
Elevance Health,ELV,,,
Electrovaya,ELVA,,,
Smart Share Global Limited,EM,,,
Embecta,EMBC,,,
EMCOR Group,EME,,,
The Eastern,EML,,,
Emerson,EMR,,,
Enbridge,ENB,,,
Enphase Energy,ENPH,,,
Energizer,ENR,,,
EnerSys,ENS,,,
Ensign,ENSG,,,
Entegris,ENTG,,,
Enova,ENVA,,,
EOG Resources,EOG,,,
Evolus,EOLS,,,
Enerpac,EPAC,,,
EPAM Systems,EPAM,,,
Edgewell,EPC,,,
Enterprise Products Partners,EPD,,,
EPR Properties,EPR,,,
Essential Properties,EPRT,,,
USCB Financial,EPS,,,
Epsilon Energy,EPSN,,,
Equity Bancshares,EQBK,,,
Equinix,EQIX,,,
EQT,EQT,,,
Telefonaktiebolaget Lm Ericsson (publ),ERIC,,,
Erie Indemnity,ERIE,,,
Eversource,ES,,,
Escalade,ESCA,,,
ESCO Technologies,ESE,,,
Euroseas,ESEA,,,
Enstar Group,ESGR,,,
Element Solutions,ESI,,,
Elbit Systems,ESLT,,,
Essent Group,ESNT,,,
Empire State Realty,ESRT,,,
Establishment Labs,ESTA,,,
Elastic,ESTC,,,
Energy Transfer,ET,,,
Ethan Allen,ETD,,,
Eaton,ETN,,,
Eton Pharma,ETON,,,
eToro,ETOR,,,
Entergy,ETR,,,
Etsy,ETSY,,,
Evaxion,EVAX,,,
Everbridge,EVBG,,,
Entravision,EVC,,,
EverCommerce,EVCM,,,
EverQuote,EVER,,,
EVgo,EVGO,,,
Evolent Health,EVH,,,
"Evelo Biosciences, Inc.",EVLO,,,
Evolv,EVLV,,,
Evotec,EVO,,,
Evercore,EVR,,,
Evergy,EVRG,,,
EVERTEC,EVTC,,,
Edwards Lifesciences,EW,,,
East West,EWBC,,,
Exact Sciences,EXAS,,,
Exelon,EXC,,,
Exelixis,EXEL,,,
ExlService,EXLS,,,
Expedia Group,EXPE,,,
eXp World,EXPI,,,
Exponent,EXPO,,,
Express,EXPR,,,
Extra Space,EXR,,,
National Vision,EYE,,,
EyePoint,EYPT,,,
EZCORP,EZPW,,,
Ford Motor Company,F,,,
First American,FAF,,,
Diamondback Energy,FANG,,,
Fanhua Inc.,FANH,,,
Fastenal,FAST,,,
Fortune Brands,FBIN,,,
FB Financial,FBK,,,
First BanCorp,FBP,,,
Franklin Covey,FC,,,
FuelCell Energy,FCEL,,,
First Commonwealth,FCF,,,
FTI Consulting,FCN,,,
Four Corners,FCPT,,,
Freeport-McMoRan,FCX,,,
Fresh Del Monte,FDP,,,
FactSet,FDS,,,
Fidus,FDUS,,,
FedEx,FDX,,,
FirstEnergy,FE,,,
5E Advanced,FEAM,,,
Frequency Electronics,FEIM,,,
Franklin Electric,FELE,,,
Fennec,FENC,,,
Ferguson,FERG,,,
Forum Energy,FET,,,
First Financial,FFBC,,,
Flushing Financial,FFIC,,,
F5,FFIV,,,
Brookfield Renewable,FFO,,,
F&G,FG,,,
Fgi Industries,FGI,,,
Federated Hermes,FHI,,,
First Horizon,FHN,,,
First Interstate,FIBK,,,
Fair Isaac,FICO,,,
Figma,FIG,,,
Figure,FIGR,,,
Figs,FIGS,,,
Fidelis,FIHL,,,
FinVolution,FINV,,,
FinWise,FINW,,,
FTAI,FIP,,,
Fidelity National Information,FIS,,,
Financial Institutions,FISI,,,
Fifth Third,FITB,,,
Five Below,FIVE,,,
Five9,FIVN,,,
Comfort Systems,FIX,,,
Flex,FLEX,,,
Flagstar,FLG,,,
Fulgent Genetics,FLGT,,,
Fluence,FLNC,,,
Flex LNG,FLNG,,,
Fluent,FLNT,,,
Flowers Foods,FLO,,,
Flowco,FLOC,,,
Fluor,FLR,,,
Flowserve,FLS,,,
Flutter,FLUT,,,
Flux Power,FLUX,,,
1-800-flowers.com,FLWS,,,
Flexsteel,FLXS,,,
Firefly Aerospace,FLY,,,
Flywire,FLYW,,,
FMC,FMC,,,
Fabrinet,FN,,,
FNB,FNB,,,
Floor & Decor,FND,,,
Fidelity National,FNF,,,
Funko,FNKO,,,
Franco-Nevada,FNV,,,
Finance of America,FOA,,,
Forestar,FOR,,,
"ForgeRock, Inc.",FORG,,,
FormFactor,FORM,,,
Forrester,FORR,,,
Fossil,FOSL,,,
Fox,FOXA,,,
Fox Factory,FOXF,,,
Five Point,FPH,,,
Farmland Partners,FPI,,,
First Industrial Realty Trust,FR,,,
First Bank,FRBA,,,
First Merchants,FRME,,,
Frontline,FRO,,,
JFrog,FROG,,,
FRP Holdings,FRPH,,,
Freshpet,FRPT,,,
Freshworks,FRSH,,,
Primis Financial,FRST,,,
Federal Realty,FRT,,,
Five Star Bancorp,FSBC,,,
First Solar,FSLR,,,
Fastly,FSLY,,,
Fortuna,FSM,,,
Federal Signal,FSS,,,
L.B. Foster,FSTR,,,
FirstService,FSV,,,
FTAI,FTAI,,,
"FTC Solar, Inc.",FTCI,,,
Frontdoor,FTDR,,,
Fuel Tech,FTEK,,,
Fathom,FTHM,,,
TechnipFMC Plc,FTI,,,
Flotek,FTK,,,
Fortinet,FTNT,,,
Fortrea,FTRE,,,
Fortive,FTV,,,
fuboTV,FUBO,,,
BitFuFu,FUFU,,,
H.B. Fuller,FUL,,,
Fulton,FULT,,,
Cedar Fair,FUN,,,
Futu,FUTU,,,
"Arcimoto, Inc.",FUV,,,
FrontView REIT,FVR,,,
Fiverr,FVRR,,,
Forward Air,FWRD,,,
First Watch,FWRG,,,
Genpact,G,,,
M/I Homes MHO,GAAP,,,
Gaia,GAIA,,,
Gambling.com,GAMB,,,
GameSquare,GAME,,,
GAN Limited,GAN,,,
Gap,GAP,,,
StealthGas,GASS,,,
GATX,GATX,,,
Golub Capital BDC,GBDC,,,
GBank Financial,GBFH,,,
Global Indemnity,GBLI,,,
Greenbrier,GBX,,,
GCM Grosvenor,GCMG,,,
Genesco,GCO,,,
GigaCloud,GCT,,,
General Dynamics,GD,,,
GoodRx,GDRX,,,
General Electric,GE,,,
Greif,GEF,,,
GE HealthCare,GEHC,,,
Genesis Energy,GEL,,,
Gemini Space Station,GEMI,,,
Gen Digital,GEN,,,
Genius Sports,GENI,,,
Geo Group,GEO,,,
Geospace Technologies,GEOS,,,
Geron,GERN,,,
Guess,GES,,,
Getty Images,GETY,,,
Gevo,GEVO,,,
GlobalFoundries,GFS,,,
Graco,GGG,,,
Gogoro,GGR,,,
Guardant Health,GH,,,
Greystone,GHI,,,
Global Industrial,GIC,,,
G-III Apparel,GIII,,,
Gildan,GIL,,,
Gilead Sciences,GILD,,,
Gilat,GILT,,,
General Mills,GIS,,,
Skillsoft SKIL,GK,,,
Glaukos,GKOS,,,
Global-e Online,GLBE,,,
Globant,GLOB,,,
Global Partners,GLP,,,
Greenlight Re,GLRE,,,
Glatfelter,GLT,,,
Corning,GLW,,,
General Motors,GM,,,
Genmab A/S,GMAB,,,
Gamida Cell Ltd.,GMDA,,,
GameStop,GME,,,
Globus Medical,GMED,,,
GMS,GMS,,,
Liquidity Services LQDT,GMV,,,
Genco,GNK,,,
Global Net Lease,GNL,,,
Generac,GNRC,,,
Genasys,GNSS,,,
Gentex,GNTX,,,
Guaranty Bancshares,GNTY,,,
Genworth Financial,GNW,,,
Grocery Outlet,GO,,,
GoHealth,GOCO,,,
Gogo,GOGO,,,
Barrick Gold,GOLD,,,
Acushnet,GOLF,,,
Gladstone Commercial,GOOD,,,
Alphabet,GOOG,,,
Alphabet,GOOGL,US,North America,Communication Services
Gaotu,GOTU,,,
Vivid Seats SEAT,GOV,,,
GreenPower Motor Company Inc.,GP,,,
Genuine Parts,GPC,,,
GPGI,GPGI,,,
Group 1 Automotive,GPI,,,
Graphic Packaging,GPK,,,
Granite Point,GPMT,,,
Gulfport Energy,GPOR,,,
Green Plains,GPRE,,,
GeoPark,GPRK,,,
GoPro,GPRO,,,
Gap,GPS,,,
GRAIL,GRAL,,,
Green Brick,GRBK,,,
Guardian Pharmacy,GRDN,,,
Garmin,GRMN,,,
Granite Ridge,GRNT,,,
Grove Collaborative,GROV,,,
Gorilla Technology,GRRR,,,
GrowGeneration,GRWG,,,
Goldman Sachs,GS,,,
Globalstar,GSAT,,,
Goldman Sachs BDC,GSBD,,,
Goosehead Insurance,GSHD,,,
GSI Technology,GSIT,,,
GSK,GSK,,,
Global Ship Lease,GSL,,,
Ferroglobe,GSM,,,
Gates Industrial,GTES,,,
Good Times,GTIM,,,
GitLab,GTLB,,,
ZoomInfo,GTM,,,
Gray Media,GTN,,,
Garrett Motion,GTX,,,
Fractyl,GUTS,,,
Granite,GVA,,,
ESS Tech,GWH,,,
Bowhead Specialty BOW,GWP,,,
Guidewire,GWRE,,,
Global Water,GWRS,,,
Grainger,GWW,,,
GXO,GXO,,,
Hyatt Hotels,H,,,
Hawaiian,HA,,,
Hanmi,HAFC,,,
Hain Celestial,HAIN,,,
Halliburton,HAL,,,
Halozyme,HALO,,,
Hasbro,HAS,,,
Hayward,HAYW,,,
Huntington,HBAN,,,
Hamilton Beach,HBB,,,
Home Bancorp,HBCP,,,
Harvard Bioscience,HBIO,,,
Hudbay,HBM,,,
Horizon Bancorp,HBNC,,,
HCA Healthcare,HCA,,,
Health Catalyst,HCAT,,,
Warrior Met Coal,HCC,,,
Hackett,HCKT,,,
Home Depot,HD,,,
Hudson Technologies,HDSN,,,
Turtle Beach,HEAR,,,
HEICO,HEI,,,
Helen of Troy,HELE,,,
D-MARKET Elektronik Hizmetler ve Ticaret Anonim Sirketi,HEPS,,,
Hess Midstream,HESM,,,
HF Foods,HFFG,,,
Heritage Financial,HFWA,,,
Hamilton,HG,,,
Heritage Global,HGBL,,,
Hagerty,HGTY,,,
Hilton Grand Vacations Inc.,HGV,,,
Howard Hughes,HHH,,,
The Hartford,HIG,,,
Huntington Ingalls,HII,,,
Hims & Hers,HIMS,,,
Hippo,HIPO,,,
HIVE,HIVE,,,
Highwoods Properties,HIW,,,
Hecla Mining,HL,,,
Herbalife,HLF,,,
Helios,HLIO,,,
Harmonic,HLIT,,,
Holley,HLLY,,,
Hillman,HLMN,,,
Hamilton Lane,HLNE,,,
Hilton,HLT,,,
Helix Energy,HLX,,,
Honda Motor,HMC,,,
Horace Mann,HMN,,,
Home Point Capital Inc.,HMPT,,,
Hinge Health,HNGE,,,
HNI,HNI,,,
Hallador Energy,HNRG,,,
Honest,HNST,,,
Hooker Furnishings,HOFT,,,
Harley-Davidson,HOG,,,
Honeywell International,HON,,,
Robinhood Markets,HOOD,,,
Hope Bancorp,HOPE,,,
Hovnanian,HOV,,,
HPE,HPE,,,
HighPeak Energy,HPK,,,
Hudson Pacific,HPP,,,
HP,HPQ,,,
HireQuest,HQI,,,
HealthEquity,HQY,,,
Healthcare Realty,HR,,,
H&R Block,HRB,,,
Herc,HRI,,,
Hormel,HRL,,,
Harmony Biosciences,HRMY,,,
Harrow,HROW,,,
Heron,HRTX,,,
Hesai,HSAI,,,
Henry Schein,HSIC,,,
Hershey,HSY,,,
Hercules Capital,HTGC,,,
Hilltop,HTH,,,
H2O America,HTO,,,
Hertz,HTZ,,,
Hubbell,HUBB,,,
Hub Group,HUBG,,,
HubSpot,HUBS,,,
Huize,HUIZ,,,
Humana,HUM,,,
Humacyte,HUMA,,,
Huntsman,HUN,,,
Huron Consulting,HURN,,,
HUYA,HUYA,,,
Haverty,HVT,,,
Howmet,HWM,,,
Hyster-Yale,HY,,,
"Hydrofarm Holdings Group, Inc.",HYFM,,,
MindWalk,HYFT,,,
Hyperfine,HYPR,,,
Horizon Global,HZN,,,
MarineMax,HZO,,,
Iamgold,IAG,,,
Integra LifeSciences,IART,,,
Integral Ad Science,IAS,,,
Independent Bank,IBCP,,,
IBEX,IBEX,,,
Interactive Brokers,IBKR,,,
International Business Machines,IBM,,,
ICICI Bank,IBN,,,
Installed Building Products Earnings Call,IBP,,,
Ibotta,IBTA,,,
iCAD,ICAD,,,
IceCure,ICCM,,,
ICF,ICFI,,,
Ichor,ICHR,,,
Investcorp Credit,ICMB,,,
SeaStar Medical,ICU,,,
ICU Medical,ICUI,,,
InterDigital,IDCC,,,
Intelli-Check,IDN,,,
IDT,IDT,,,
IDEXX,IDXX,,,
Icahn Enterprises,IEP,,,
IDEX,IEX,,,
Intercorp Financial,IFS,,,
IGI,IGIC,,,
International Game Technology Plc,IGT,,,
iHeartMedia,IHRT,,,
ISG,III,,,
Insteel,IIIN,,,
i3 Verticals,IIIV,,,
Innovative Industrial Properties,IIPR,,,
II-VI,IIVI,,,
Illumina,ILMN,,,
IMAX,IMAX,,,
Immunocore,IMCR,,,
Imunon,IMNN,,,
Imperial Petroleum,IMPP,,,
Immuneering,IMRX,,,
Immunovant,IMVT,,,
First Internet Bancorp,INBK,,,
Incyte,INCY,,,
Independent Bank,INDB,,,
Indivior,INDV,,,
Infinera,INFN,,,
Ingram Micro,INGM,,,
MiNK Therapeutics,INKT,,,
InMode,INMD,,,
Summit Hotel,INN,,,
InnovAge,INNV,,,
Inovio Pharmaceuticals,INO,,,
Innodata,INOD,,,
Infinity Natural,INR,,,
Insmed,INSM,,,
Inspire Medical,INSP,,,
International Seaways,INSW,,,
"Intapp, Inc.",INTA,,,
Intel,INTC,,,
Inter & Co,INTR,,,
Intuit,INTU,,,
Intrusion,INTZ,,,
Identiv,INVE,,,
Invitation Homes,INVH,,,
Innovex,INVX,,,
Innoviz,INVZ,,,
IonQ,IONQ,,,
Ionis,IONS,,,
Innospec,IOSP,,,
Samsara,IOT,,,
Iovance,IOVA,,,
International Paper,IP,,,
ImmunoPrecise,IPA,,,
Inter Parfums,IPAR,,,
Interpublic,IPG,,,
IPG Photonics,IPGP,,,
Intrepid Potash,IPI,,,
Intelligent Protection,IPM,,,
Ideal Power,IPWR,,,
iQIYI,IQ,,,
IQVIA,IQV,,,
Ingersoll Rand,IR,,,
Iridium,IRDM,,,
IREN,IREN,,,
IRIDEX,IRIX,,,
Iron Mountain,IRM,,,
IRadimed,IRMD,,,
Independence Realty,IRT,,,
iRhythm,IRTC,,,
Ironwood,IRWD,,,
"IVERIC bio, Inc.",ISEE,,,
Ispire,ISPR,,,
Intuitive Surgical,ISRG,,,
Innovative Solutions,ISSC,,,
Gartner,IT,,,
Integer,ITGR,,,
Itron,ITRI,,,
Iterum Therapeutics,ITRM,,,
Ituran,ITRN,,,
ITT,ITT,,,
Itaú Unibanco Holding,ITUB,,,
Illinois Tool Works,ITW,,,
Invesco Mortgage,IVR,,,
InvenTrust,IVT,,,
Invivyd,IVVD,,,
Invesco,IVZ,,,
IZEA,IZEA,,,
Jack in the Box,JACK,,,
JAKKS Pacific,JAKK,,,
Jazz Pharma,JAZZ,,,
J.B. Hunt,JBHT,,,
Janus International,JBI,,,
Jabil,JBL,,,
JetBlue Airways,JBLU,,,
JBS,JBS,,,
Jefferson Capital,JCAP,,,
Johnson Controls International Plc,JCI,,,
Jewett-Cameron,JCTC,,,
JD.com,JD,,,
Jiayin,JFIN,,,
Aurora Mobile,JG,,,
James Hardie,JHX,,,
J.Jill,JILL,,,
J&J; Snack Foods,JJSF,,,
Jack Henry & Associates,JKHY,,,
JinkoSolar,JKS,,,
Jones Lang LaSalle,JLL,,,
Jumia Technologies Ag,JMIA,,,
Johnson & Johnson,JNJ,,,
Joann,JOAN,,,
Joby Aviation,JOBY,,,
The St. Joe,JOE,,,
Johnson Outdoors,JOUT,,,
JPMorgan Chase,JPM,,,
Jerash,JRSH,,,
James River,JRVR,,,
Nordstrom,JWN,,,
The Joint,JYNT,,,
Kadant,KAI,,,
Kaiser Aluminum,KALU,,,
OPENLANE,KAR,,,
Karooooo,KARO,,,
Kayne Anderson BDC,KBDC,,,
KB Home,KBH,,,
KBR,KBR,,,
Kingsoft Cloud,KC,,,
Kyndryl,KD,,,
Kodiak AI,KDK,,,
Keurig Dr Pepper,KDP,,,
Kimball Electronics,KE,,,
Kirby,KEX,,,
Keysight,KEYS,,,
Kforce,KFRC,,,
Kingsway,KFS,,,
Korn/Ferry International,KFY,,,
Kinross Gold,KGC,,,
Kodiak Gas,KGS,,,
Kraft Heinz,KHC,,,
OrthoPediatrics,KIDS,,,
Kingstone,KINS,,,
Kirklands,KIRK,,,
KKR,KKR,,,
KLA,KLAC,,,
Klarna,KLAR,,,
KinderCare,KLC,,,
"Kaltura, Inc.",KLTR,,,
KLX Energy,KLXE,,,
Kimberly Clark,KMB,,,
Kamada,KMDA,,,
Kinder Morgan,KMI,,,
Kemper,KMPR,,,
Kennametal,KMT,,,
Kestra Medical,KMTS,,,
CarMax,KMX,,,
Knowles,KN,,,
Kandi,KNDI,,,
Knife River,KNF,,,
Kiniksa,KNSA,,,
Kinsale,KNSL,,,
Knight-Swift,KNX,,,
Coca-Cola,KO,,,
Kodak,KODK,,,
Koppers,KOP,,,
KORE,KORE,,,
Kosmos Energy,KOS,,,
Karyopharm Therapeutics,KPTI,,,
Kroger,KR,,,
Kilroy,KRC,,,
KKR Real Estate,KREF,,,
Kite Realty,KRG,,,
KORU Medical,KRMD,,,
Kornit Digital,KRNT,,,
Kimbell Royalty,KRP,,,
Karat Packaging,KRT,,,
Kura Sushi,KRUS,,,
Krystal,KRYS,,,
Kaspi.kz,KSPI,,,
Kohl's,KSS,,,
Korean Telco,KT,,,
Kontoor Brands,KTB,,,
Key Tronic,KTCC,,,
Kratos,KTOS,,,
KVH,KVHI,,,
Kenvue,KVUE,,,
Klaviyo,KVYO,,,
Kennedy-Wilson,KW,,,
Quaker Chemical,KWR,,,
Kymera,KYMR,,,
Kyntra Bio,KYNB,,,
Lithia,LAD,,,
Ladder Capital,LADR,,,
Lakeland Industries,LAKE,,,
Lamar Advertising,LAMR,,,
Gladstone Land,LAND,,,
Lithium Argentina,LAR,,,
Landmark Bancorp,LARK,,,
nLIGHT,LASR,,,
Laureate,LAUR,,,
Cs Disco,LAW,,,
Lazard,LAZ,,,
Luminar,LAZR,,,
LendingClub,LC,,,
Lucid Group,LCID,,,
LCI,LCII,,,
"Lineage Cell Therapeutics, Inc.",LCTX,,,
Lifetime Brands,LCUT,,,
loanDepot,LDI,,,
Leidos,LDOS,,,
Lands' End,LE,,,
Lear,LEA,,,
Lincoln Electric,LECO,,,
Legend Biotech,LEGN,,,
Lennar,LEN,,,
Leslie's,LESL,,,
Centrus Energy,LEU,,,
Levi Strauss,LEVI,,,
"LifeStance Health Group, Inc.",LFST,,,
Littelfuse,LFUS,,,
LifeVantage,LFVN,,,
Lifeward,LFWD,,,
LGI Homes,LGIH,,,
Ligand Pharma,LGND,,,
Longeveron,LGVN,,,
Labcorp,LH,,,
"Lucira Health, Inc.",LHDX,,,
L3Harris,LHX,,,
Li Auto,LI,,,
AEye,LIDR,,,
Chicago Atlantic BDC,LIEN,,,
Life360,LIF,,,
Lennox,LII,,,
Liberty Latin,LILA,,,
Linde,LIN,,,
Lincoln,LINC,,,
Lindblad Expeditions,LIND,,,
Lineage,LINE,,,
LiqTech,LIQT,,,
Lumentum,LITE,,,
LivaNova,LIVN,,,
LKQ,LKQ,,,
Eli Lilly,LLY,,,
LeMaitre,LMAT,,,
Limbach,LMB,,,
LM Funding,LMFA,,,
Lemonade,LMND,,,
Limoneira,LMNR,,,
Lockheed Martin,LMT,,,
Cheniere Energy,LNG,,,
Lindsay,LNN,,,
Alliant Energy,LNT,,,
Lantheus,LNTH,,,
Loar,LOAR,,,
Live Oak Bancshares,LOB,,,
El Pollo Loco,LOCO,,,
Logitech,LOGI,,,
Loop,LOOP,,,
Grand Canyon,LOPE,,,
Lotus Tech,LOT,,,
Lovesac,LOVE,,,
Lowe's Companies,LOW,,,
LPL Financial,LPLA,,,
Open Lending,LPRO,,,
LivePerson,LPSN,,,
LightPath,LPTH,,,
Louisiana-Pacific,LPX,,,
Liquidia,LQDA,,,
Lam Research,LRCX,,,
Stride,LRN,,,
Lattice Semiconductor,LSCC,,,
Lightspeed Commerce,LSPD,,,
Lisata,LSTA,,,
Landstar,LSTR,,,
Lightbridge,LTBR,,,
LTC Properties,LTC,,,
Life Time,LTH,,,
Livent,LTHM,,,
LATAM,LTM,,,
Lantronix,LTRX,,,
Lucid Diagnostics,LUCD,,,
Lucky Strike,LUCK,,,
Lululemon Athletica,LULU,,,
Lumen Technologies,LUMN,,,
Pulmonx,LUNG,,,
Intuitive Machines,LUNR,,,
Southwest Airlines,LUV,,,
Lulus,LVLU,,,
Las Vegas Sands,LVS,,,
LiveWire,LVWR,,,
Lamb Weston,LW,,,
LexinFintech,LX,,,
Luxfer,LXFR,,,
Lexicon,LXRX,,,
LSB Industries,LXU,,,
LyondellBasell,LYB,,,
Lyft,LYFT,,,
LSI Industries,LYTS,,,
Live Nation,LYV,,,
"LegalZoom.com, Inc.",LZ,,,
La-Z-Boy,LZB,,,
Macy's,M,,,
Mastercard,MA,,,
Macerich,MAC,,,
Magnera,MAGN,,,
Main Street Capital,MAIN,,,
Mama's Creations,MAMA,,,
ManpowerGroup,MAN,,,
Manhattan Associates,MANH,,,
WM Technology,MAPS,,,
Marriott,MAR,,,
Marathon Digital,MARA,,,
Masco,MAS,,,
Masimo,MASI,,,
908 Devices,MASS,,,
Mattel,MAT,,,
Mativ,MATV,,,
Matthews,MATW,,,
Matson,MATX,,,
MediaAlpha,MAX,,,
MasterBrand,MBC,,,
MBIA,MBI,,,
Mobileye Global,MBLY,,,
Malibu Boats,MBUU,,,
Moelis,MC,,,
Metropolitan Bank,MCB,,,
McDonald's,MCD,,,
MasterCraft,MCFT,,,
Microchip,MCHP,,,
Marchex,MCHX,,,
McKesson,MCK,,,
Moody's,MCO,,,
Seres,MCRB,,,
Marcus,MCS,,,
Mister Car Wash,MCW,,,
Pediatrix,MD,,,
Spectral AI,MDAI,,,
MongoDB,MDB,,,
Madrigal,MDGL,,,
Mondelez,MDLZ,,,
Medtronic,MDT,,,
MDU Resources,MDU,,,
MediWound,MDWD,,,
MiMedx,MDXG,,,
MDxHealth,MDXH,,,
Mayville Engineering,MEC,,,
Medifast,MED,,,
Medpace,MEDP,,,
Montrose,MEG,,,
Methode,MEI,,,
MercadoLibre,MELI,,,
Methanex,MEOH,,,
Mercer,MERC,,,
MetLife,MET,,,
Meta Platforms,META,,,
MFA Financial,MFA,,,
MidCap Financial,MFIC,,,
Mistras Group,MG,,,
Magna,MGA,,,
MGM Resorts International,MGM,,,
Magnite,MGNI,,,
MacroGenics,MGNX,,,
MGP Ingredients,MGPI,,,
McGrath RentCorp,MGRC,,,
Magnolia Oil and Gas,MGY,,,
McGraw Hill,MH,,,
Mohawk,MHK,,,
M/I Homes,MHO,,,
Middleby,MIDD,,,
Mirion,MIR,,,
Mirum,MIRM,,,
Mitek,MITK,,,
Tpg Mortgage,MITT,,,
McCormick,MKC,,,
Markel Group,MKL,,,
MKS,MKSI,,,
MarketAxess,MKTX,,,
Melco,MLCO,,,
MillerKnoll,MLKN,,,
Martin Marietta,MLM,,,
"MeridianLink, Inc.",MLNK,,,
Miller Industries,MLR,,,
Mineralys,MLYS,,,
Marsh & McLennan Companies,MMC,,,
Marcus & Millichap,MMI,,,
3M,MMM,,,
Maximus,MMS,,,
MakeMyTrip,MMYT,,,
Monday.com,MNDY,,,
MannKind,MNKD,,,
MindMed,MNMD,,,
Mach Natural Resources,MNR,,,
Monro,MNRO,,,
MainStreet,MNSB,,,
MINISO,MNSO,,,
Monster Beverage,MNST,,,
Montauk Renewables,MNTK,,,
MNTN,MNTN,,,
Altria Group,MO,,,
Topgolf Callaway Brands,MODG,,,
MidWestOne,MOFG,,,
Mosaic,MOS,,,
Movado,MOV,,,
MP Materials,MP,,,
Motorcar Parts,MPAA,,,
Marathon Petroleum,MPC,,,
MPLX,MPLX,,,
Medical Properties Trust,MPW,,,
Monolithic Power,MPWR,,,
Marqeta,MQ,,,
Everspin,MRAM,,,
Merck,MRK,,,
Moderna,MRNA,,,
Millrose,MRP,,,
Marsh McLennan,MRSH,,,
Maravai LifeSciences,MRVI,,,
Marvell Technology,MRVL,,,
Marex Group,MRX,,,
Morgan Stanley,MS,,,
MSA Safety,MSA,,,
MSCI,MSCI,,,
Microsoft,MSFT,US,North America,Technology
Madison Square Garden Entertainment Corp.,MSGE,,,
Motorsport Games,MSGM,,,
Madison Square Garden Sports Corp.,MSGS,,,
Motorola Solutions,MSI,,,
MSC Industrial Direct,MSM,,,
MicroStrategy,MSTR,,,
MAC Copper,MTAL,,,
M&T Bank,MTB,,,
Match Group,MTCH,,,
Matador,MTDR,,,
MGIC Investment,MTG,,,
Meritage Homes,MTH,,,
Materialise,MTLS,,,
Vail Resorts,MTN,,,
Materion,MTRN,,,
MACOM,MTSI,,,
Metallus,MTUS,,,
Manitowoc,MTW,,,
Minerals Tech,MTX,,,
MasTec,MTZ,,,
Micron,MU,,,
Murphy USA,MUSA,,,
MicroVision,MVIS,,,
Magnachip,MX,,,
MaxCyte,MXCT,,,
MaxLinear,MXL,,,
Myers Industries,MYE,,,
Myriad Genetics,MYGN,,,
MYR Group,MYRG,,,
MYT Netherlands Parent B.V.,MYTE,,,
Marzetti,MZTI,,,
N-able,NABL,,,
Niagen Bioscience,NAGE,,,
Natures Sunshine Products,NATR,,,
Nautilus,NAUT,,,
Navient,NAVI,,,
Navan,NAVN,,,
NBH Bank,NBHC,,,
Nebius,NBIS,,,
Neurocrine,NBIX,,,
Nabors,NBR,,,
NBT Bancorp,NBTB,,,
NACCO,NC,,,
Nuveen Churchill,NCDL,,,
Norwegian Cruise Line,NCLH,,,
National CineMedia,NCMI,,,
nCino,NCNO,,,
Netcapital,NCPL,,,
NCR,NCR,,,
NCS Multistage,NCSM,,,
Nasdaq,NDAQ,,,
Noodles and Company,NDLS,,,
Nordson,NDSN,,,
Noble,NE,,,
NextEra Energy,NEE,,,
Newmont,NEM,,,
NeoGenomics,NEO,,,
Neogen,NEOG,,,
NextEra Energy Partners,NEP,,,
Nephros,NEPH,,,
Cloudflare,NET,,,
New Relic,NEWR,,,
NewtekOne,NEWT,,,
Nexa Resources,NEXA,,,
Nexxen,NEXN,,,
New Fortress Energy,NFE,,,
Netflix,NFLX,,,
New Gold,NGD,,,
National Grid,NGG,,,
NGL Energy,NGL,,,
NeoGames S.A.,NGMS,,,
Natural Gas Services,NGS,,,
Natural Grocers,NGVC,,,
Ingevity,NGVT,,,
National Health Investors,NHI,,,
Natural Health Trends,NHTC,,,
NiSource,NI,,,
Banc of California BANC,NIB,,,
NICE,NICE,,,
BXSL,NII,,,
Home Bancorp HBCP,NIM,,,
Nine Energy,NINE,,,
Nio,NIO,,,
Nike,NKE,,,
Nikola,NKLA,,,
Nektar,NKTR,,,
Nautilus,NLS,,,
Annaly Capital Management,NLY,,,
New Mountain Finance,NMFC,,,
NMI Holdings,NMIH,,,
Navios Partners,NMM,,,
Newmark,NMRK,,,
NeuroOne,NMTC,,,
NextNav,NN,,,
NN,NNBR,,,
Nano Nuclear,NNE,,,
NNN REIT,NNN,,,
Nano-X Imaging,NNOX,,,
Noah Holdings,NOAH,,,
Northrop Grumman,NOC,,,
Northern Oil and Gas,NOG,,,
Phillips Edison PECO,NOI,,,
FiscalNote,NOTE,,,
Inotiv,NOTV,,,
NOV,NOV,,,
Novanta,NOVT,,,
ServiceNow,NOW,,,
Neptune,NP,,,
NeuroPace,NPCE,,,
NPK International,NPKI,,,
EnPro,NPO,,,
Nerdy,NRDY,,,
NexPoint,NREF,,,
NRG Energy,NRG,,,
Natural Resource Partners,NRP,,,
National Storage,NSA,,,
Norfolk Southern,NSC,,,
Insight,NSIT,,,
Insperity,NSP,,,
Napco,NSSC,,,
NetApp,NTAP,,,
Butterfield,NTB,,,
NetScout,NTCT,,,
NetEase,NTES,,,
NETGEAR,NTGR,,,
Northern Tech,NTIC,,,
Intellia,NTLA,,,
Nutanix,NTNX,,,
Nutrien,NTR,,,
Natera,NTRA,,,
Northern Trust,NTRS,,,
Netskope,NTSK,,,
NetSTREIT,NTST,,,
Nu,NU,,,
Nucor,NUE,,,
Nu Skin,NUS,,,
Nutex Health,NUTX,,,
Nuvation Bio,NUVB,,,
Nuwellis,NUWE,,,
NovoCure,NVCR,,,
NVIDIA,NVDA,US,North America,Technology
NVE,NVEC,,,
Navigator,NVGS,,,
Novo Nordisk,NVO,,,
Enviri,NVRI,,,
Novartis Ag,NVS,,,
nVent Electric Plc,NVT,,,
Invitae,NVTA,,,
Navitas,NVTS,,,
Nuvve,NVVE,,,
Northwest Bancshares,NWBI,,,
NorthWestern,NWE,,,
Norwood Financial,NWFL,,,
NatWest,NWG,,,
Newell Brands,NWL,,,
Northwest Natural,NWN,,,
NWPX,NWPX,,,
News Corp,NWS,,,
News Corp,NWSA,,,
Quanex,NX,,,
Nextdoor,NXDR,,,
NEXGEL,NXGL,,,
NXP Semiconductors,NXPI,,,
NexPoint,NXRT,,,
Nexstar,NXST,,,
Nextpower,NXT,,,
American Strategic,NYC,,,
NY Times,NYT,,,
Nyxoah,NYXH,,,
Realty Income,O,,,
OmniAb,OABI,,,
Outbrain,OB,,,
Blue Owl Capital,OBDC,,,
Owens Corning,OC,,,
Optical Cable,OCC,,,
OceanFirst,OCFC,,,
Ocugen,OCGN,,,
Oaktree Lending,OCSL,,,
Oil-Dri Of America,ODC,,,
Oddity Tech,ODD,,,
Old Dominion,ODFL,,,
Orion,OEC,,,
OFG Bancorp,OFG,,,
Orthofix,OFIX,,,
OFS Capital,OFS,,,
OGE Energy,OGE,,,
Organigram,OGI,,,
Organon,OGN,,,
ONE Gas,OGS,,,
Omega Healthcare Investors,OHI,,,
O-I Glass,OI,,,
Oceaneering,OII,,,
Oil States,OIS,,,
ONEOK,OKE,,,
Oklo,OKLO,,,
Okta,OKTA,,,
Ollie's,OLLI,,,
Olin,OLN,,,
Olo,OLO,,,
Olaplex,OLPX,,,
Omnicom,OMC,,,
Omnicell,OMCL,,,
Omada Health,OMDA,,,
Omeros,OMER,,,
OneMain,OMF,,,
"Singular Genomics Systems, Inc.",OMIC,,,
ON Semiconductor,ON,,,
Old National,ONB,,,
"Oncternal Therapeutics, Inc.",ONCT,,,
OneWater,ONEW,,,
Onity Group,ONIT,,,
Orion Properties,ONL,,,
On Holding,ONON,,,
"ON24, Inc.",ONTF,,,
Onto Innovation,ONTO,,,
Ooma,OOMA,,,
Offerpad,OPAD,,,
OPAL Fuels,OPAL,,,
Option Care,OPCH,,,
Opendoor,OPEN,,,
OppFi,OPFI,,,
Opko Health,OPK,,,
Openlane,OPLN,,,
Oportun,OPRT,,,
OptimizeRx Corporation,OPRX,,,
Optimum,OPTU,,,
Orchid Island,ORC,,,
Owl Rock Capital,ORCC,,,
Oracle,ORCL,,,
Organogenesis,ORGO,,,
Old Republic,ORI,,,
Orion Group,ORN,,,
Orrstown,ORRF,,,
"Oscar Health, Inc.",OSCR,,,
Octave Specialty,OSG,,,
Oshkosh,OSK,,,
OneSpan,OSPN,,,
One Stop Systems,OSS,,,
Overstock.com,OSTK,,,
OraSure,OSUR,,,
OneSpaWorld,OSW,,,
Open Text,OTEX,,,
Otis Worldwide,OTIS,,,
Oatly Group Ab,OTLY,,,
"Ontrak, Inc.",OTRK,,,
Otter Tail,OTTR,,,
Ouster,OUST,,,
Ovintiv,OVV,,,
Blue Owl Capital,OWL,,,
Owlet,OWLT,,,
Oxford Industries,OXM,,,
Oxford Square,OXSQ,,,
Occidental Petroleum,OXY,,,
"Oyster Point Pharma, Inc.",OYST,,,
Bank OZK,OZK,,,
Plains All American,PAA,,,
Pan American Silver,PAAS,,,
PacBio,PACB,,,
Ranpak,PACK,,,
Penske,PAG,,,
Plains GP,PAGP,,,
PagSeguro,PAGS,,,
Phibro Animal Health,PAHC,,,
Proficient Auto,PAL,,,
Palo Alto Networks,PANW,,,
PAR Technology,PAR,,,
Par Pacific,PARR,,,
UiPath,PATH,,,
Patrick,PATK,,,
Patria Investments Limited,PAX,,,
Paymentus,PAY,,,
Paycom Software,PAYC,,,
Payoneer,PAYO,,,
Paysign,PAYS,,,
Paychex,PAYX,,,
Prosperity,PB,,,
Prestige,PBH,,,
Puma Biotech,PBYI,,,
PACCAR,PCAR,,,
PG&E,PCG,,,
PotlatchDeltic,PCH,,,
Procore,PCOR,,,
Pacira,PCRX,,,
PureCycle,PCT,,,
Paylocity,PCTY,,,
PagerDuty,PD,,,
PDF Solutions,PDFS,,,
Piedmont,PDM,,,
Precision Drilling,PDS,,,
Palladyne AI,PDYN,,,
Peoples Bancorp,PEBO,,,
PSEG,PEG,,,
Pegasystems,PEGA,,,
Penumbra,PEN,,,
Penguin Solutions,PENG,,,
PENN,PENN,,,
PepsiCo,PEP,,,
Perion Network,PERI,,,
Preferred Bank,PFBC,,,
Pfizer,PFE,,,
Principal,PFG,,,
PFG,PFGC,,,
ProFrac Holding Corp.,PFHC,,,
PennantPark,PFLT,,,
Provident Financial,PFS,,,
PennyMac,PFSI,,,
P&G,PG,,,
Precigen,PGEN,,,
Progyny,PGNY,,,
Progressive,PGR,,,
Pagaya,PGY,,,
Parker-Hannifin,PH,,,
Phathom,PHAT,,,
PHINIA,PHIN,,,
PulteGroup,PHM,,,
Impinj,PI,,,
Polaris,PII,,,
P3 Health,PIII,,,
Alpine Income,PINE,,,
Pinterest,PINS,,,
Piper Sandler,PIPR,,,
PJT Partners,PJT,,,
Park Aerospace,PKE,,,
PCA,PKG,,,
Park-Ohio,PKOH,,,
Peakstone,PKST,,,
Planet Labs,PL,,,
Photronics,PLAB,,,
Dave & Buster's Entertainment,PLAY,,,
Playboy,PLBY,,,
Children's Place,PLCE,,,
Prologis,PLD,,,
Palomar,PLMR,,,
Planet Fitness,PLNT,,,
Douglas Dynamics,PLOW,,,
Pulse Biosciences,PLSE,,,
Playtika,PLTK,,,
Palantir Technologies,PLTR,,,
Plug Power,PLUG,,,
ePlus,PLUS,,,
Plymouth Industrial REIT,PLYM,,,
Philip Morris International,PM,,,
PennyMac,PMT,,,
CPI Card Group,PMTS,,,
PNC,PNC,,,
Pinnacle,PNFP,,,
Pentair,PNR,,,
Pennant,PNTG,,,
Pinnacle West,PNW,,,
Pony AI,PONY,,,
Pool Corp,POOL,,,
Portland General Electric Earnings Call,POR,,,
"Poshmark, Inc.",POSH,,,
Power Integrations,POWI,,,
Outdoor Holding,POWW,,,
Pilgrim's Pride,PPC,,,
PPG Industries,PPG,,,
PPL,PPL,,,
Pioneer Power,PPSI,,,
Permian Resources,PR,,,
PRA Group,PRAA,,,
Praxis,PRAX,,,
Porch Group,PRCH,,,
PROCEPT BioRobotics,PRCT,,,
PROG Holdings,PRG,,,
Perrigo,PRGO,,,
Progress Software,PRGS,,,
Primerica,PRI,,,
Primoris,PRIM,,,
Proto Labs,PRLB,,,
Perimeter Solutions,PRM,,,
Primo Brands,PRMB,,,
Peraso,PRSO,,,
PureTech,PRTC,,,
Priority Tech,PRTH,,,
CarParts.com,PRTS,,,
Prudential Financial,PRU,,,
Privia Health,PRVA,,,
Palmer Square BDC,PSBD,,,
Paysafe,PSFE,,,
Paramount Skydance,PSKY,,,
PriceSmart,PSMT,,,
Parsons,PSN,,,
Personalis,PSNL,,,
Pure Storage,PSTG,,,
Phillips 66,PSX,,,
PTC,PTC,,,
PTC Therapeutics,PTCT,,,
Protagonist,PTGX,,,
Portillo's,PTLO,,,
Peloton Interactive,PTON,,,
Pattern Group,PTRN,,,
PubMatic,PUBM,,,
ProPetro,PUMP,,,
PVH,PVH,,,
Perella Weinberg,PWP,,,
Quanta,PWR,,,
Phoenix Education,PXED,,,
Pixelworks,PXLW,,,
Paycor HCM,PYCR,,,
PolyPid,PYPD,,,
PayPal,PYPL,,,
Papa John's,PZZA,,,
D-Wave,QBTS,,,
Qualcomm,QCOM,,,
QuidelOrtho,QDEL,,,
360 Finance Inc,QFIN,,,
Qiagen,QGEN,,,
Qualys,QLYS,,,
Quantum,QMCO,,,
QuinStreet,QNST,,,
Quest Resource,QRHC,,,
Qorvo,QRVO,,,
QuantumScape,QS,,,
QuantaSing,QSG,,,
Quantum-Si,QSI,,,
RBI,QSR,,,
Quanterix,QTRX,,,
QTWO,QTWO,,,
Quantum Computing,QUBT,,,
QuickLogic,QUIK,,,
uniQure,QURE,,,
Ryder,R,,,
Rite Aid,RAD,,,
RADA Electronics Industries,RADA,,,
FreightCar America,RAIL,,,
Ralliant,RAL,,,
LiveRamp,RAMP,,,
Rand Capital,RAND,,,
Ultragenyx,RARE,,,
RB Global,RBA,,,
RBB Bancorp,RBB,,,
Ribbon,RBBN,,,
RBC Bearings,RBC,,,
Roblox,RBLX,,,
Rubrik,RBRK,,,
Ready Capital,RC,,,
Red Cat,RCAT,,,
Avita Medical,RCEL,,,
Royal Caribbean Cruises,RCL,,,
Arcus,RCUS,,,
RADCOM,RDCM,,,
Reddit,RDDT,,,
Redfin,RDFN,,,
Radian,RDN,,,
RadNet,RDNT,,,
Red Violet,RDVT,,,
Radware,RDWR,,,
The RealReal,REAL,,,
Real Brokerage,REAX,,,
Chicago Atlantic,REFI,,,
Regency Centers,REG,,,
Regeneron,REGN,,,
"Rekor Systems, Inc.",REKR,,,
Richardson Electronics,RELL,,,
Remitly Global,RELY,,,
Rent the Runway,RENT,,,
ATRenew,RERE,,,
RPC,RES,,,
"REV Group, Inc.",REVG,,,
REX,REX,,,
Reynolds,REYN,,,
Regions Financial,RF,,,
RF Industries,RFIL,,,
Repligen,RGEN,,,
Royal Gold,RGLD,,,
REGENXBIO,RGNX,,,
Resources Connection,RGP,,,
Sturm Ruger,RGR,,,
Regis,RGS,,,
Rigetti,RGTI,,,
RH,RH,,,
Ryman Hospitality,RHP,,,
Transocean,RIG,,,
Rigel Pharma,RIGL,,,
Rio Tinto Group,RIO,,,
Riot,RIOT,,,
Rithm Capital,RITM,,,
Rivian,RIVN,,,
Raymond James,RJF,,,
Rocket Lab,RKLB,,,
Rocket Companies,RKT,,,
Ralph Lauren,RL,,,
RLJ Lodging,RLJ,,,
Relmada,RLMD,,,
RLX Technology,RLX,,,
Regional Management,RM,,,
Rambus,RMBS,,,
Rocky Mountain,RMCF,,,
ResMed,RMD,,,
Rimini Street,RMNI,,,
Rockwell Medical,RMTI,,,
RingCentral,RNG,,,
Ranger Energy,RNGR,,,
Renasant,RNST,,,
RenovoRx,RNXT,,,
Eastern Bankshares,ROA,,,
Texas Capital,ROAA,,,
Construction Partners,ROAD,,,
Velocity Financial VEL,ROE,,,
Rogers,ROG,,,
Roivant,ROIV,,,
Rockwell,ROK,,,
Roku,ROKU,,,
Rollins,ROL,,,
Root,ROOT,,,
Roper,ROP,,,
Ross Stores,ROST,,,
Repay Holdings Corporation,RPAY,,,
Rapid7,RPD,,,
"Rapid Micro Biosystems, Inc.",RPID,,,
RPM,RPM,,,
Oracle ORCL,RPO,,,
Royalty Pharma,RPRX,,,
Rithm,RPT,,,
Red Robin,RRGB,,,
Red Rock,RRR,,,
Regal Rexnord,RRX,,,
Reliance,RS,,,
Republic Services,RSG,,,
Riskified,RSKD,,,
Reservoir Media,RSVR,,,
RTX,RTX,,,
Rumble,RUM,,,
Sunrun,RUN,,,
Revolution Medicines,RVMD,,,
Revvity,RVTY,,,
Runway,RWAY,,,
Redwood Trust,RWT,,,
RXO,RXO,,,
Recursion,RXRX,,,
RxSight,RXST,,,
Rackspace,RXT,,,
Royal Bank of Canada,RY,,,
Rayonier Advanced,RYAM,,,
Ryan Specialty,RYAN,,,
Ryerson,RYI,,,
Rayonier,RYN,,,
Rhythm Pharma,RYTM,,,
SentinelOne,S,,,
Sabre,SABR,,,
Safehold,SAFE,,,
Sonic Automotive,SAH,,,
Saia,SAIA,,,
SAIC,SAIC,,,
Sandstorm Gold,SAND,,,
Sanmina,SANM,,,
StandardAero,SARO,,,
EchoStar,SATS,,,
SBA Communications,SBAC,,,
Seacoast,SBCF,,,
Solo Brands,SBDS,,,
SB Financial,SBFG,,,
Sinclair,SBGI,,,
Sally Beauty,SBH,,,
Star Bulk,SBLK,,,
Signature Bank,SBNY,,,
Sabra Health Care,SBRA,,,
Southside Bancshares,SBSI,,,
Sibanye Stillwater,SBSW,,,
"Sterling Bancorp, Inc.",SBT,,,
Starbucks,SBUX,,,
Southern Copper,SCCO,,,
Scholastic,SCHL,,,
Schwab,SCHW,,,
Stepan,SCL,,,
Stellus Capital,SCM,,,
comScore,SCOR,,,
ScanSource,SCSC,,,
SandRidge Energy,SD,,,
SmileDirectClub,SDC,,,
Schrödinger,SDGR,,,
Smith Douglas,SDHC,,,
Sea Limited,SE,,,
Vivid Seats,SEAT,,,
SolarEdge Technologies,SEDG,,,
Sealed Air,SEE,,,
Seer,SEER,,,
Seaport Entertainment,SEG,,,
Solaris Energy,SEI,,,
SEI Investments,SEIC,,,
Select Medical,SEM,,,
Senseonics,SENS,,,
"Sera Prognostics, Inc.",SERA,,,
Serve Robotics,SERV,,,
SES AI,SES,,,
Seven Hills Realty,SEVN,,,
Stifel,SF,,,
ServisFirst,SFBS,,,
Stitch Fix,SFIX,,,
SFL,SFL,,,
Sprouts,SFM,,,
"Shift Technologies, Inc.",SFT,,,
Sweetgreen,SG,,,
Saga,SGA,,,
Superior Group,SGC,,,
Seagen,SGEN,,,
Super Group,SGHC,,,
Sight Sciences,SGHT,,,
Somnigroup,SGI,,,
Sangamo,SGMO,,,
Star Group,SGU,,,
Shake Shack,SHAK,,,
Sotera Health,SHC,,,
Shenandoah,SHEN,,,
Shimmick,SHIM,,,
Seanergy,SHIP,,,
"Shoals Technologies Group, Inc.",SHLS,,,
Sunstone Hotel,SHO,,,
Steven Madden,SHOO,,,
Shopify,SHOP,,,
Sherwin-Williams,SHW,,,
SI-BONE,SIBN,,,
Sify,SIFY,,,
Signet Jewelers,SIG,,,
Sila Realty,SILA,,,
Silicom,SILC,,,
Sirius XM,SIRI,,,
SiteOne,SITE,,,
SiTime,SITM,,,
SVB Financial Group,SIVB,,,
Six Flags Entertainment,SIX,,,
Smucker,SJM,,,
Skillsoft,SKIL,,,
Beauty Health,SKIN,,,
Skillz,SKLZ,,,
Tanger,SKT,,,
Skyward Specialty,SKWD,,,
Skechers U.s.a.,SKX,,,
Champion Homes,SKY,,,
Sky Harbour,SKYH,,,
SkyWater Technology,SKYT,,,
SkyWest,SKYW,,,
SLB,SLB,,,
SL Green,SLG,,,
Silgan,SLGN,,,
SLM,SLM,,,
Stabilis,SLNG,,,
Soleno,SLNO,,,
Simulations Plus,SLP,,,
SelectQuote,SLQT,,,
SLR Investment,SLRC,,,
Acelyrin,SLRN,,,
Solesence,SLSN,,,
Sylvamo,SLVM,,,
SM Energy,SM,,,
Smartsheet,SMAR,,,
SmartFinancial,SMBK,,,
Summit Midstream,SMC,,,
Super Micro Computer,SMCI,,,
Scotts Miracle-Gro,SMG,,,
Summit,SMMT,,,
Standard Motor,SMP,,,
Simply Good Foods,SMPL,,,
NuScale,SMR,,,
Smith Micro Software,SMSI,,,
Semtech,SMTC,,,
Sierra Metals Inc.,SMTS,,,
Similarweb,SMWB,,,
SharkNinja,SN,,,
Snap-on,SNA,,,
Snail,SNAL,,,
Snap,SNAP,,,
Sleep Number,SNBR,,,
Synchronoss,SNCR,,,
Sun Country Airlines,SNCY,,,
"Smart Sand, Inc.",SND,,,
Sonida,SNDA,,,
Sandisk,SNDK,,,
SNDL,SNDL,,,
Syndax,SNDX,,,
SenesTech,SNES,,,
StoneX,SNEX,,,
Snowflake,SNOW,,,
Synopsys,SNPS,,,
Senstar,SNT,,,
TD SYNNEX,SNX,,,
Sanofi,SNY,,,
Southern,SO,,,
South Bow,SOBO,,,
SoFi Technologies,SOFI,,,
Sohu.com,SOHU,,,
Emeren,SOL,,,
Solstice,SOLS,,,
Solventum,SOLV,,,
Sonoco,SON,,,
Sonos,SONO,,,
Sophia Genetics SA,SOPH,,,
Sono-Tek,SOTK,,,
SoundHound AI,SOUN,,,
Sow Good,SOWG,,,
Spectrum Brands,SPB,,,
SuperCom,SPCB,,,
Virgin Galactic,SPCE,,,
South Plains,SPFI,,,
Simon Property Group,SPG,,,
S&P; Global,SPGI,,,
Suburban Propane,SPH,,,
Splunk,SPLK,,,
Sound Point Meridian,SPMC,,,
SiriusPoint,SPNT,,,
Spotify,SPOT,,,
Spectrum Pharmaceuticals,SPPI,,,
SPS Commerce,SPSC,,,
Sprout Social,SPT,,,
Sportsman's Warehouse,SPWH,,,
SunPower,SPWR,,,
SPX Technologies,SPXC,,,
Block,SQ,,,
Sequans,SQNS,,,
Spire,SR,,,
Sportradar Group Ag,SRAD,,,
Sempra,SRE,,,
Surf Air Mobility,SRFM,,,
Stoneridge,SRI,,,
Sarepta Therapeutics,SRPT,,,
Scholar Rock,SRRK,,,
Strata Critical Medical Earnings Call,SRTA,,,
SouthState,SSB,,,
Simpson,SSD,,,
STRATA Skin,SSKN,,,
Sasol,SSL,,,
SS&C,SSNC,,,
SSR Mining,SSRM,,,
SuRo Capital,SSSS,,,
SoundThinking,SSTI,,,
Stratasys,SSYS,,,
Sensata,ST,,,
Stag Industrial,STAG,,,
S&T Bancorp,STBA,,,
Stewart,STC,,,
STERIS,STE,,,
Stem,STEM,,,
StepStone,STEP,,,
Sterling Check Corp.,STER,,,
Sunlands,STG,,,
Neuronetics,STIM,,,
SunOpta,STKL,,,
StoneCo,STNE,,,
Scorpio Tankers,STNG,,,
StoneMor Partners L.P.,STON,,,
Strategic Education,STRA,,,
Sterling,STRL,,,
Star Equity,STRR,,,
Strattec,STRT,,,
Starz,STRZ,,,
State Street,STT,,,
StubHub,STUB,,,
Stevanato,STVN,,,
Starwood Property,STWD,,,
Seagate Technology Plc,STX,,,
Stereotaxis,STXS,,,
Constellation Brands,STZ,,,
Sun Communities,SUI,,,
SUI Group,SUIG,,,
"Sumo Logic, Inc.",SUMO,,,
Sunoco,SUN,,,
Sunrise Realty,SUNS,,,
SurgePays,SURG,,,
Service Properties,SVC,,,
Silvaco,SVCO,,,
Stran,SWAG,,,
Shockwave Medical,SWAV,,,
Smith & Wesson Brands,SWBI,,,
Latham Group,SWIM,,,
Stanley Black & Decker,SWK,,,
Skyworks Solutions,SWKS,,,
Southwest Gas,SWX,,,
SunCoke Energy,SXC,,,
Standex,SXI,,,
Sensient,SXT,,,
So-Young,SY,,,
Synchrony Financial,SYF,,,
Stryker,SYK,,,
Symbotic,SYM,,,
Synaptics,SYNA,,,
Sysco,SYY,,,
AT&T;,T,,,
Takeda,TAK,,,
TAL,TAL,,,
Talkspace,TALK,,,
Talos Energy,TALO,,,
Molson Coors,TAP,,,
Tarsus,TARS,,,
TaskUs,TASK,,,
TAT Tech,TATT,,,
BBB Foods,TBBB,,,
Turtle Beach,TBCH,,,
TrueBlue,TBI,,,
Taboola,TBLA,,,
Texas Capital,TCBI,,,
Flex LNG FLNG,TCE,,,
Tencent,TCEHY,,,
Tactile Systems,TCMD,,,
BlackRock TCP,TCPC,,,
USA TODAY,TDAY,,,
Teradata,TDC,,,
TDCX Inc.,TDCX,,,
TransDigm,TDG,,,
Teladoc Health,TDOC,,,
TDS,TDS,,,
ThredUp,TDUP,,,
Tidewater,TDW,,,
Teledyne,TDY,,,
Teads,TEAD,,,
Atlassian,TEAM,,,
Bio-Techne,TECH,,,
Teck,TECK,,,
TE Connectivity,TEL,,,
TELA Bio,TELA,,,
Tenable,TENB,,,
Teva Pharmaceutical Industries,TEVA,,,
Terex,TEX,,,
Truist,TFC,,,
"TFF Pharmaceuticals, Inc.",TFFP,,,
Triple Flag,TFPM,,,
Teleflex,TFX,,,
Tecnoglass,TGLS,,,
TEGNA,TGNA,,,
Target,TGT,,,
TG Therapeutics,TGTX,,,
Target Hospitality,TH,,,
Tenet,THC,,,
Thermon,THR,,,
Gentherm,THRM,,,
"Thorne HealthTech, Inc.",THRN,,,
Thryv,THRY,,,
TIC Solutions,TIC,,,
UP Fintech Holding,TIGR,,,
Interface,TILE,,,
Team,TISI,,,
Titan Machinery,TITN,,,
Tivic Health,TIVC,,,
TJX,TJX,,,
Teekay,TK,,,
Alpha Teknova,TKNO,,,
TKO Group,TKO,,,
Timken,TKR,,,
Talen,TLN,,,
Talphera,TLPH,,,
Tilray Brands,TLRY,,,
Telos,TLS,,,
TriSalus,TLSI,,,
Tilly's,TLYS,,,
TMC,TMC,,,
"Treace Medical Concepts, Inc.",TMCI,,,
TransMedics,TMDX,,,
Taylor Morrison,TMHC,,,
Thermo Fisher Scientific,TMO,,,
T-Mobile US,TMUS,,,
Tennant,TNC,,,
TriNet,TNET,,,
Teekay Tankers,TNK,,,
Travel + Leisure,TNL,,,
Tenon Medical,TNON,,,
The Oncology Institute,TOI,,,
Toll Brothers,TOL,,,
Toast,TOST,,,
Tuniu,TOUR,,,
Tutor Perini,TPC,,,
TechPrecision,TPCS,,,
TPG,TPG,,,
Tri Pointe,TPH,,,
Texas Pacific Land,TPL,,,
Tapestry,TPR,,,
TriplePoint,TPVG,,,
ReposiTrak,TRAK,,,
Tejon Ranch,TRC,,,
LendingTree,TREE,,,
Targa Resources,TRGP,,,
Thomson Reuters,TRI,,,
Trinity Capital,TRIN,,,
Tripadvisor,TRIP,,,
Trimble,TRMB,,,
Trustmark,TRMK,,,
Tremor International,TRMR,,,
Trinity,TRN,,,
T Rowe Price,TROW,,,
Tronox,TROX,,,
TriMas,TRS,,,
TrustCo,TRST,,,
TransUnion,TRU,,,
Trupanion,TRUP,,,
Travelers,TRV,,,
trivago,TRVG,,,
Trevi Therapeutics,TRVI,,,
Telesat,TSAT,,,
Tractor Supply,TSCO,,,
Taysha,TSHA,,,
Tesla,TSLA,,,
Sixth Street,TSLX,,,
Taiwan Semiconductor Manufacturing,TSM,,,
Tyson Foods,TSN,,,
Trane,TT,,,
Titan America,TTAM,,,
ServiceTitan,TTAN,,,
Toro,TTC,,,
The Trade Desk,TTD,,,
TTEC,TTEC,,,
Tetra Tech,TTEK,,,
TechTarget,TTGT,,,
TETRA,TTI,,,
TTM Tech,TTMI,,,
GBTG,TTV,,,
Take-Two Interactive Software,TTWO,,,
Tupperware Brands,TUP,,,
Mammoth Energy,TUSK,,,
Tuya,TUYA,,,
Tradeweb Markets,TW,,,
Twin Disc,TWIN,,,
Twilio,TWLO,,,
Hostess Brands,TWNK,,,
Two Harbors,TWO,,,
Ternium,TX,,,
10x Genomics,TXG,,,
"TherapeuticsMD, Inc.",TXMD,,,
Texas Instruments,TXN,,,
Texas Roadhouse,TXRH,,,
Textron,TXT,,,
Tigo Energy,TYGO,,,
Tyler Technologies,TYL,,,
Travelzoo,TZOO,,,
Unity Software,U,,,
Under Armour,UAA,,,
CVR Partners,UAN,,,
Uber Technologies,UBER,,,
UBS,UBS,,,
uCloudlink Group Inc.,UCL,,,
Ultra Clean,UCTT,,,
Udemy,UDMY,,,
UDR,UDR,,,
Universal Electronics,UEIC,,,
United Fire,UFCS,,,
UFP Industries,UFPI,,,
UFP Tech,UFPT,,,
UGI,UGI,,,
U-Haul,UHAL,,,
United Health Services,UHS,,,
Unisys,UIS,,,
Ultralife,ULBI,,,
Universal Logistics,ULH,,,
UL Solutions,ULS,,,
Ulta Beauty,ULTA,,,
Urgent.ly,ULY,,,
UMB Financial,UMBF,,,
UMH,UMH,,,
UniFirst,UNF,,,
United Natural Foods,UNFI,,,
UnitedHealth Group,UNH,,,
Uniti,UNIT,,,
Unum Group,UNM,,,
Union Pacific,UNP,,,
Urban One,UONE,,,
Upbound Group,UPBD,,,
Upland Software,UPLD,,,
United Parcel Service,UPS,,,
Upstart,UPST,,,
Upwork,UPWK,,,
Upexi,UPXI,,,
Urban Outfitters,URBN,,,
UroGen,URGN,,,
USA Compression,USAC,,,
US Bancorp,USB,,,
United Maritime,USEA,,,
US Foods,USFD,,,
Usio,USIO,,,
US Cellular,USM,,,
USANA,USNA,,,
US Physical Therapy,USPH,,,
United Therapeutics,UTHR,,,
Capital Southwest,UTI,,,
Utz Brands,UTZ,,,
Universal,UVE,,,
Universal,UVV,,,
UWM,UWMC,,,
Uxin,UXIN,,,
Visa,V,,,
Vale,VALE,,,
INNOVATE,VATE,,,
Visteon,VC,,,
Vericel,VCEL,,,
Veracyte,VCYT,,,
Veeva Systems,VEEV,,,
Veritone,VERI,,,
Veru,VERU,,,
Vertex,VERX,,,
VF,VFC,,,
Village Farms,VFF,,,
Venture Global,VG,,,
VIA optronics AG,VIAO,,,
Viavi,VIAV,,,
Vici Properties,VICI,,,
Vicor,VICR,,,
Viking,VIK,,,
Vinci Compass,VINP,,,
Viomi,VIOT,,,
Vipshop,VIPS,,,
Vir Biotechnology,VIR,,,
Virtu Financial,VIRT,,,
Vistance,VISN,,,
Telefonica Brasil,VIV,,,
Viking,VKTX,,,
Valens,VLN,,,
Valero,VLO,,,
Valley National,VLY,,,
Vulcan Materials,VMC,,,
Viemed,VMD,,,
Vimeo,VMEO,,,
Vanda,VNDA,,,
VNET Group,VNET,,,
Vornado,VNO,,,
VOXX International Corporation,VOXX,,,
Voya Financial,VOYA,,,
Voyager,VOYG,,,
Vishay Precision,VPG,,,
Vera Bradley,VRA,,,
Varex Imaging,VREX,,,
"Vroom, Inc.",VRM,,,
VerifyMe,VRME,,,
Varonis Systems,VRNS,,,
Verint Systems,VRNT,,,
Verra Mobility,VRRM,,,
Verisk,VRSK,,,
VeriSign,VRSN,,,
Vertiv,VRT,,,
Virtus,VRTS,,,
Veritiv,VRTV,,,
Vertex Pharmaceuticals,VRTX,,,
Victoria's Secret,VSCO,,,
VSE,VSEC,,,
Vishay,VSH,,,
Vistra,VST,,,
Vasta Platform Limited,VSTA,,,
Verastem,VSTM,,,
Vestis,VSTS,,,
VTEX,VTEX,,,
Vistagen,VTGN,,,
Bristow,VTOL,,,
Viatris,VTRS,,,
Vitru Limited,VTRU,,,
Vitesse Energy,VTS,,,
VirTra,VTSI,,,
Vuzix,VUZI,,,
Valvoline,VVV,,,
V2X,VVX,,,
NCR,VYX,,,
Verizon Communications,VZ,,,
Wayfair,W,,,
Wabtec,WAB,,,
Western Alliance,WAL,,,
Waters,WAT,,,
Waystar,WAY,,,
Walgreens Boots Alliance,WBA,,,
Warner Bros. Discovery,WBD,,,
WaterBridge,WBI,,,
Webster,WBS,,,
WEBTOON,WBTN,,,
Wallbox,WBX,,,
WESCO,WCC,,,
Waste Connections,WCN,,,
Walker & Dunlop,WD,,,
Workday,WDAY,,,
Western Digital,WDC,,,
WD-40,WDFC,,,
Waterdrop,WDH,,,
Weave,WEAV,,,
Weber,WEBR,,,
WEC Energy,WEC,,,
Welltower,WELL,,,
Wendy's,WEN,,,
Werner,WERN,,,
Western Midstream,WES,,,
Westrock Coffee,WEST,,,
Wex,WEX,,,
Weyco,WEYS,,,
Wells Fargo,WFC,,,
West Fraser,WFG,,,
Winnebago Industries,WGO,,,
GeneDx,WGS,,,
Cactus,WHD,,,
WhiteHorse Finance,WHF,,,
Westwood,WHG,,,
Whirlpool,WHR,,,
Wingstop,WING,,,
Wix.com,WIX,,,
Workiva,WK,,,
World Kinect,WKC,,,
WalkMe Ltd.,WKME,,,
Worksport,WKSP,,,
Willis Lease,WLFC,,,
Westlake,WLK,,,
Wealthfront,WLTH,,,
Wiley,WLY,,,
Waste Management,WM,,,
Williams,WMB,,,
Warner Music Group,WMG,,,
Advanced Drainage,WMS,,,
Walmart,WMT,,,
Wabash,WNC,,,
Wolfspeed,WOLF,,,
Petco,WOOF,,,
Worthington Industries,WOR,,,
W. P. Carey,WPC,,,
Wheaton,WPM,,,
Westport Fuel Systems,WPRT,,,
Wrap,WRAP,,,
W R Berkley,WRB,,,
Warby Parker,WRBY,,,
WeRide,WRD,,,
World Acceptance,WRLD,,,
Worthington Steel,WS,,,
WesBanco,WSBC,,,
WSFS,WSFS,,,
Williams-Sonoma,WSM,,,
Watsco,WSO,,,
West Pharma,WST,,,
WisdomTree,WT,,,
West Bancorporation,WTBA,,,
Wintrust,WTFC,,,
W&T Offshore,WTI,,,
Watts Water,WTS,,,
Select Water,WTTR,,,
Willis Towers Watson,WTW,,,
Western Union,WU,,,
TeraWulf,WULF,,,
Wave Life Sciences,WVE,,,
Woodward,WWD,,,
Wolverine,WWW,,,
Weyerhaeuser,WY,,,
Wynn Resorts,WYNN,,,
United States Steel,X,,,
Beyond Air,XAIR,,,
Xcel Energy,XEL,,,
Xcel Brands,XELB,,,
Xeris Biopharma,XERS,,,
"Xometry, Inc.",XMTR,,,
Xunlei,XNET,,,
ExxonMobil,XOM,,,
Xos,XOS,,,
XP,XP,,,
XPEL,XPEL,,,
Xperi,XPER,,,
XPeng,XPEV,,,
XPO,XPO,,,
Xponential Fitness,XPOF,,,
Expion360,XPON,,,
Expro,XPRO,,,
DENTSPLY SIRONA,XRAY,,,
Xerox,XRX,,,
22nd Century Group,XXII,,,
Xylem,XYL,,,
Block,XYZ,,,
Yalla,YALA,,,
Yelp,YELP,,,
Yeti,YETI,,,
"Yext, Inc.",YEXT,,,
Full Truck Alliance,YMM,,,
Clear Secure,YOU,,,
17 Education & Technology Group Inc.,YQ,,,
Yiren Digital,YRD,,,
Yatsen,YSG,,,
Yum! Brands,YUM,,,
Yum China,YUMC,,,
YY,YY,,,
Zillow Group,Z,,,
Zimmer Biomet,ZBH,,,
Zebra Technologies,ZBRA,,,
Ziff Davis,ZD,,,
Zenvia Inc.,ZENV,,,
Zepp,ZEPP,,,
Zeta Global,ZETA,,,
Olympic Steel,ZEUS,,,
Zillow Group,ZG,,,
ZoomInfo Technologies,ZI,,,
ZIM,ZIM,,,
ZimVie,ZIMV,,,
Zions,ZION,,,
"ZipRecruiter, Inc.",ZIP,,,
Zoom Video Communications,ZM,,,
Zscaler,ZS,,,
Zoetis,ZTS,,,
Zumiez,ZUMZ,,,
Zuora,ZUO,,,
Zevia,ZVIA,,,
Zevra,ZVRA,,,
Zymeworks,ZYME,,,
